<CATALOG>
   <CD>

     <TITLE>	Associate Professor </TITLE>
	 <ARTIST>	Dr. Kazi A. B. M. Mohiuddin</ARTIST>
	 <COUNTRY>	+880-41-769468-75, Ext. 225 (office), 226 (res)</COUNTRY>
	 <COMPANY>	kzmohiuddinATwebmail.kuet.ac.bd, ammohiuddinATyahoo.com</COMPANY>
	 <PRICE>Civil Engineering</PRICE>
	 <YEAR>Current Provost From 2015</YEAR>
  </CD>
   <CD>

     <TITLE>Professor,Head of the Dept</TITLE>
	 <ARTIST>	Dr. Md. Sheikh Sadi</ARTIST>
	 <COUNTRY>	+88041-769468-75 Ext-353</COUNTRY>
	 <COMPANY> sadi@cse.kuet.ac.bd</COMPANY>
	 <PRICE>CSE</PRICE>
	 <YEAR>Former Provost till 2015</YEAR>
  </CD>
   <CD>

     <TITLE>	Professor</TITLE>
	 <ARTIST>	Dr. Quazi Hamidul Bari</ARTIST>
	 <COUNTRY> </COUNTRY>
	 <COMPANY>	qhbariATce.kuet.ac.bd</COMPANY>
	 <PRICE>Civil Engineering</PRICE>
	 <YEAR>Former Provost</YEAR>
  </CD>
 </CATALOG>
